{
    "header": {
        "reportVersion": 1,
        "event": "Allocation failed - JavaScript heap out of memory",
        "trigger": "FatalError",
        "filename": "report.20201028.095938.13648.0.001.json",
        "dumpEventTime": "2020-10-28T09:59:38Z",
        "dumpEventTimeStamp": "1603871978873",
        "processId": 13648,
        "cwd": "C:\\GitProjects\\MaccabiOnline4_Git\\directorship",
        "commandLine": ["node", "server"],
        "nodejsVersion": "v12.14.0",
        "wordSize": 64,
        "arch": "x64",
        "platform": "win32",
        "componentVersions": {
            "node": "12.14.0",
            "v8": "7.7.299.13-node.16",
            "uv": "1.33.1",
            "zlib": "1.2.11",
            "brotli": "1.0.7",
            "ares": "1.15.0",
            "modules": "72",
            "nghttp2": "1.39.2",
            "napi": "5",
            "llhttp": "1.1.4",
            "http_parser": "2.8.0",
            "openssl": "1.1.1d",
            "cldr": "35.1",
            "icu": "64.2",
            "tz": "2019c",
            "unicode": "12.1"
        },
        "release": {
            "name": "node",
            "lts": "Erbium",
            "headersUrl": "https://nodejs.org/download/release/v12.14.0/node-v12.14.0-headers.tar.gz",
            "sourceUrl": "https://nodejs.org/download/release/v12.14.0/node-v12.14.0.tar.gz",
            "libUrl": "https://nodejs.org/download/release/v12.14.0/win-x64/node.lib"
        },
        "osName": "Windows_NT",
        "osRelease": "10.0.16299",
        "osVersion": "Windows 10 Enterprise",
        "osMachine": "x86_64",
        "cpus": [
            {
                "model": "Intel(R) Core(TM) i7-8700 CPU @ 3.20GHz",
                "speed": 3192,
                "user": 7305515,
                "nice": 0,
                "sys": 10145828,
                "idle": 223968468,
                "irq": 1643859
            },
            {
                "model": "Intel(R) Core(TM) i7-8700 CPU @ 3.20GHz",
                "speed": 3192,
                "user": 4326531,
                "nice": 0,
                "sys": 3071125,
                "idle": 234020578,
                "irq": 45640
            },
            {
                "model": "Intel(R) Core(TM) i7-8700 CPU @ 3.20GHz",
                "speed": 3192,
                "user": 6922765,
                "nice": 0,
                "sys": 7712312,
                "idle": 226783156,
                "irq": 160484
            },
            {
                "model": "Intel(R) Core(TM) i7-8700 CPU @ 3.20GHz",
                "speed": 3192,
                "user": 3958546,
                "nice": 0,
                "sys": 2355000,
                "idle": 235104687,
                "irq": 26578
            },
            {
                "model": "Intel(R) Core(TM) i7-8700 CPU @ 3.20GHz",
                "speed": 3192,
                "user": 7486843,
                "nice": 0,
                "sys": 5592156,
                "idle": 228339234,
                "irq": 63656
            },
            {
                "model": "Intel(R) Core(TM) i7-8700 CPU @ 3.20GHz",
                "speed": 3192,
                "user": 4188843,
                "nice": 0,
                "sys": 4219656,
                "idle": 233009718,
                "irq": 27500
            },
            {
                "model": "Intel(R) Core(TM) i7-8700 CPU @ 3.20GHz",
                "speed": 3192,
                "user": 6697593,
                "nice": 0,
                "sys": 7477250,
                "idle": 227243375,
                "irq": 43750
            },
            {
                "model": "Intel(R) Core(TM) i7-8700 CPU @ 3.20GHz",
                "speed": 3192,
                "user": 4345984,
                "nice": 0,
                "sys": 3939031,
                "idle": 233133203,
                "irq": 27031
            },
            {
                "model": "Intel(R) Core(TM) i7-8700 CPU @ 3.20GHz",
                "speed": 3192,
                "user": 6477562,
                "nice": 0,
                "sys": 6106453,
                "idle": 228834203,
                "irq": 44421
            },
            {
                "model": "Intel(R) Core(TM) i7-8700 CPU @ 3.20GHz",
                "speed": 3192,
                "user": 4982203,
                "nice": 0,
                "sys": 3605625,
                "idle": 232830390,
                "irq": 38843
            },
            {
                "model": "Intel(R) Core(TM) i7-8700 CPU @ 3.20GHz",
                "speed": 3192,
                "user": 6235000,
                "nice": 0,
                "sys": 5547515,
                "idle": 229635703,
                "irq": 49234
            },
            {
                "model": "Intel(R) Core(TM) i7-8700 CPU @ 3.20GHz",
                "speed": 3192,
                "user": 4549750,
                "nice": 0,
                "sys": 3621078,
                "idle": 233247390,
                "irq": 29156
            }
        ],
        "networkInterfaces": [
            {
                "name": "Ethernet",
                "internal": false,
                "mac": "6c:4b:90:cf:44:dc",
                "address": "fe80::e828:cb66:20d2:8366",
                "netmask": "ffff:ffff:ffff:ffff::",
                "family": "IPv6",
                "scopeid": 16
            },
            {
                "name": "Ethernet",
                "internal": false,
                "mac": "6c:4b:90:cf:44:dc",
                "address": "10.71.10.26",
                "netmask": "255.255.255.0",
                "family": "IPv4"
            },
            {
                "name": "Loopback Pseudo-Interface 1",
                "internal": true,
                "mac": "00:00:00:00:00:00",
                "address": "::1",
                "netmask": "ffff:ffff:ffff:ffff:ffff:ffff:ffff:ffff",
                "family": "IPv6",
                "scopeid": 0
            },
            {
                "name": "Loopback Pseudo-Interface 1",
                "internal": true,
                "mac": "00:00:00:00:00:00",
                "address": "127.0.0.1",
                "netmask": "255.0.0.0",
                "family": "IPv4"
            },
            {
                "name": "vEthernet (Default Switch)",
                "internal": false,
                "mac": "02:15:51:8a:cc:f9",
                "address": "fe80::2d2a:4c1c:c8cd:7baa",
                "netmask": "ffff:ffff:ffff:ffff::",
                "family": "IPv6",
                "scopeid": 7
            },
            {
                "name": "vEthernet (Default Switch)",
                "internal": false,
                "mac": "02:15:51:8a:cc:f9",
                "address": "172.19.206.113",
                "netmask": "255.255.255.240",
                "family": "IPv4"
            },
            {
                "name": "vEthernet (HvsiIcs)",
                "internal": false,
                "mac": "02:15:51:05:4a:c9",
                "address": "fe80::647d:d2ce:8139:d1c",
                "netmask": "ffff:ffff:ffff:ffff::",
                "family": "IPv6",
                "scopeid": 4
            },
            {
                "name": "vEthernet (HvsiIcs)",
                "internal": false,
                "mac": "02:15:51:05:4a:c9",
                "address": "172.19.65.177",
                "netmask": "255.255.255.240",
                "family": "IPv4"
            }
        ],
        "host": "8H10ALEX7"
    },
    "javascriptStack": {
        "message": "No stack.",
        "stack": ["Unavailable."]
    },
    "nativeStack": [
        {
            "pc": "0x00007ff6f02f1729",
            "symbol": "std::basic_ostream<char,std::char_traits<char> >::operator<<+10873"
        },
        {
            "pc": "0x00007ff6f02f5b4c",
            "symbol": "std::basic_ostream<char,std::char_traits<char> >::operator<<+28316"
        },
        {
            "pc": "0x00007ff6f02f4b08",
            "symbol": "std::basic_ostream<char,std::char_traits<char> >::operator<<+24152"
        },
        {
            "pc": "0x00007ff6f03e369b",
            "symbol": "v8::base::CPU::has_sse+37723"
        },
        {
            "pc": "0x00007ff6f0be82de",
            "symbol": "v8::Isolate::ReportExternalAllocationLimitReached+94"
        },
        {
            "pc": "0x00007ff6f0bd0321",
            "symbol": "v8::SharedArrayBuffer::Externalize+833"
        },
        {
            "pc": "0x00007ff6f0a9dbec",
            "symbol": "v8::internal::Heap::EphemeronKeyWriteBarrierFromCode+1436"
        },
        {
            "pc": "0x00007ff6f0aa8f90",
            "symbol": "v8::internal::Heap::ProtectUnprotectedMemoryChunks+1312"
        },
        {
            "pc": "0x00007ff6f0aa5ac4",
            "symbol": "v8::internal::Heap::PageFlagsAreConsistent+3204"
        },
        {
            "pc": "0x00007ff6f0a9b353",
            "symbol": "v8::internal::Heap::CollectGarbage+1283"
        },
        {
            "pc": "0x00007ff6f0a99b24",
            "symbol": "v8::internal::Heap::AddRetainedMap+2356"
        },
        {
            "pc": "0x00007ff6f0abadf5",
            "symbol": "v8::internal::Factory::NewFillerObject+53"
        },
        {
            "pc": "0x00007ff6f0826e19",
            "symbol": "v8::internal::interpreter::JumpTableTargetOffsets::iterator::operator=+4057"
        },
        {
            "pc": "0x00007ff6f101404d",
            "symbol": "v8::internal::SetupIsolateDelegate::SetupHeap+567949"
        },
        {
            "pc": "0x000002c350758311",
            "symbol": ""
        }
    ],
    "javascriptHeap": {
        "totalMemory": 2150760448,
        "totalCommittedMemory": 2150760448,
        "usedMemory": 2140053856,
        "availableMemory": 50729320,
        "memoryLimit": 2197815296,
        "heapSpaces": {
            "read_only_space": {
                "memorySize": 262144,
                "committedMemory": 262144,
                "capacity": 261872,
                "used": 32296,
                "available": 229576
            },
            "new_space": {
                "memorySize": 2097152,
                "committedMemory": 2097152,
                "capacity": 1047488,
                "used": 343992,
                "available": 703496
            },
            "old_space": {
                "memorySize": 564768768,
                "committedMemory": 564768768,
                "capacity": 562949264,
                "used": 561255352,
                "available": 1693912
            },
            "code_space": {
                "memorySize": 4358144,
                "committedMemory": 4358144,
                "capacity": 3574880,
                "used": 3574880,
                "available": 0
            },
            "map_space": {
                "memorySize": 7081984,
                "committedMemory": 7081984,
                "capacity": 2954240,
                "used": 2954240,
                "available": 0
            },
            "large_object_space": {
                "memorySize": 1571569664,
                "committedMemory": 1571569664,
                "capacity": 1571342696,
                "used": 1571342696,
                "available": 0
            },
            "code_large_object_space": {
                "memorySize": 622592,
                "committedMemory": 622592,
                "capacity": 550400,
                "used": 550400,
                "available": 0
            },
            "new_large_object_space": {
                "memorySize": 0,
                "committedMemory": 0,
                "capacity": 1047488,
                "used": 0,
                "available": 1047488
            }
        }
    },
    "resourceUsage": {
        "userCpuSeconds": 783.093,
        "kernelCpuSeconds": 247.203,
        "cpuConsumptionPercent": 1.42141,
        "maxRss": 1840533504,
        "pageFaults": {
            "IORequired": 11185041,
            "IONotRequired": 0
        },
        "fsActivity": {
            "reads": 324949,
            "writes": 6
        }
    },
    "libuv": [],
    "environmentVariables": {
        "ALLUSERSPROFILE": "C:\\ProgramData",
        "APPDATA": "C:\\Users\\hefetz_s\\AppData\\Roaming",
        "APP_ENV": "localhost",
        "APP_NAME": "Directorship",
        "APP_VERSION": "1.0",
        "COLORTERM": "truecolor",
        "CommonProgramFiles": "C:\\Program Files\\Common Files",
        "CommonProgramFiles(x86)": "C:\\Program Files (x86)\\Common Files",
        "CommonProgramW6432": "C:\\Program Files\\Common Files",
        "COMPUTERNAME": "8H10ALEX7",
        "ComSpec": "C:\\WINDOWS\\system32\\cmd.exe",
        "DEFLOGDIR": "C:\\ProgramData\\McAfee\\Endpoint Security\\Logs",
        "DEV_MEMBER_ID": "29768199",
        "DEV_MEMBER_ID_CODE": "0",
        "dp0": "C:\\GitProjects\\MaccabiOnline4_Git\\directorship\\node_modules\\.bin\\",
        "EDIT_DIRECT_DEBIT": "https://www.maccabi4u.co.il/24497-he/Maccabi.aspx",
        "GIT_ASKPASS": "c:\\Users\\hefetz_s\\AppData\\Local\\Programs\\Microsoft VS Code\\resources\\app\\extensions\\git\\dist\\askpass.sh",
        "HOME": "C:\\Users\\hefetz_s",
        "HOMEDRIVE": "C:",
        "HOMEPATH": "\\Users\\hefetz_s",
        "HOST": "0.0.0.0",
        "INIT_CWD": "C:\\GitProjects\\MaccabiOnline4_Git\\directorship",
        "IS_KOSHER": "true",
        "LANG": "en_US.UTF-8",
        "LOCALAPPDATA": "C:\\Users\\hefetz_s\\AppData\\Local",
        "LOGONSERVER": "\\\\MACAD-PT2",
        "LOG_ACTION_ID_CLICK": "1343",
        "LOG_ACTION_ID_DISPLAY_ELEMENT": "1674",
        "LOG_ACTION_ID_SCREEN_OPEN": "1523",
        "MAGNETIC_CARD_URL": "/directorship/ordermagneticcard/",
        "MEDIA_DOMAIN": "http://reactsitev4",
        "NODE": "C:\\Program Files\\nodejs\\node.exe",
        "NODE_ENV": "development",
        "NODE_EXE": "C:\\Program Files\\nodejs\\\\node.exe",
        "NPM_CLI_JS": "C:\\Program Files\\nodejs\\\\node_modules\\npm\\bin\\npm-cli.js",
        "npm_config_access": "",
        "npm_config_allow_same_version": "",
        "npm_config_also": "",
        "npm_config_always_auth": "",
        "npm_config_argv": "{\"remain\":[],\"cooked\":[\"start\"],\"original\":[\"start\"]}",
        "npm_config_audit": "true",
        "npm_config_audit_level": "low",
        "npm_config_auth_type": "legacy",
        "npm_config_before": "",
        "npm_config_bin_links": "true",
        "npm_config_browser": "",
        "npm_config_ca": "",
        "npm_config_cache": "C:\\Users\\hefetz_s\\AppData\\Roaming\\npm-cache",
        "npm_config_cache_lock_retries": "10",
        "npm_config_cache_lock_stale": "60000",
        "npm_config_cache_lock_wait": "10000",
        "npm_config_cache_max": "Infinity",
        "npm_config_cache_min": "10",
        "npm_config_cafile": "",
        "npm_config_cert": "",
        "npm_config_cidr": "",
        "npm_config_color": "true",
        "npm_config_commit_hooks": "true",
        "npm_config_depth": "Infinity",
        "npm_config_description": "true",
        "npm_config_dev": "",
        "npm_config_dry_run": "",
        "npm_config_editor": "notepad.exe",
        "npm_config_engine_strict": "",
        "npm_config_fetch_retries": "2",
        "npm_config_fetch_retry_factor": "10",
        "npm_config_fetch_retry_maxtimeout": "60000",
        "npm_config_fetch_retry_mintimeout": "10000",
        "npm_config_force": "",
        "npm_config_format_package_lock": "true",
        "npm_config_fund": "true",
        "npm_config_git": "git",
        "npm_config_git_tag_version": "true",
        "npm_config_global": "",
        "npm_config_globalconfig": "C:\\Users\\hefetz_s\\AppData\\Roaming\\npm\\etc\\npmrc",
        "npm_config_globalignorefile": "C:\\Users\\hefetz_s\\AppData\\Roaming\\npm\\etc\\npmignore",
        "npm_config_global_style": "",
        "npm_config_group": "",
        "npm_config_ham_it_up": "",
        "npm_config_heading": "npm",
        "npm_config_https_proxy": "",
        "npm_config_if_present": "",
        "npm_config_ignore_prepublish": "",
        "npm_config_ignore_scripts": "",
        "npm_config_init_author_email": "",
        "npm_config_init_author_name": "",
        "npm_config_init_author_url": "",
        "npm_config_init_license": "ISC",
        "npm_config_init_module": "C:\\Users\\hefetz_s\\.npm-init.js",
        "npm_config_init_version": "1.0.0",
        "npm_config_json": "",
        "npm_config_key": "",
        "npm_config_legacy_bundling": "",
        "npm_config_link": "",
        "npm_config_local_address": "",
        "npm_config_loglevel": "notice",
        "npm_config_logs_max": "10",
        "npm_config_long": "",
        "npm_config_maxsockets": "50",
        "npm_config_message": "%s",
        "npm_config_metrics_registry": "http://nexusrepo:8081/repository/npm-group/",
        "npm_config_node_gyp": "C:\\Program Files\\nodejs\\node_modules\\npm\\node_modules\\node-gyp\\bin\\node-gyp.js",
        "npm_config_node_options": "",
        "npm_config_node_version": "12.14.0",
        "npm_config_noproxy": "nexusrepo",
        "npm_config_offline": "",
        "npm_config_onload_script": "",
        "npm_config_only": "",
        "npm_config_optional": "true",
        "npm_config_otp": "",
        "npm_config_package_lock": "true",
        "npm_config_package_lock_only": "",
        "npm_config_parseable": "",
        "npm_config_prefer_offline": "",
        "npm_config_prefer_online": "",
        "npm_config_prefix": "C:\\Users\\hefetz_s\\AppData\\Roaming\\npm",
        "npm_config_preid": "",
        "npm_config_production": "",
        "npm_config_progress": "true",
        "npm_config_proxy": "",
        "npm_config_read_only": "",
        "npm_config_rebuild_bundle": "true",
        "npm_config_registry": "http://nexusrepo:8081/repository/npm-group/",
        "npm_config_rollback": "true",
        "npm_config_save": "true",
        "npm_config_save_bundle": "",
        "npm_config_save_dev": "",
        "npm_config_save_exact": "",
        "npm_config_save_optional": "",
        "npm_config_save_prefix": "^",
        "npm_config_save_prod": "",
        "npm_config_scope": "",
        "npm_config_scripts_prepend_node_path": "warn-only",
        "npm_config_script_shell": "",
        "npm_config_searchexclude": "",
        "npm_config_searchlimit": "20",
        "npm_config_searchopts": "",
        "npm_config_searchstaleness": "900",
        "npm_config_send_metrics": "",
        "npm_config_shell": "C:\\WINDOWS\\system32\\cmd.exe",
        "npm_config_shrinkwrap": "true",
        "npm_config_sign_git_commit": "",
        "npm_config_sign_git_tag": "",
        "npm_config_sso_poll_frequency": "500",
        "npm_config_sso_type": "oauth",
        "npm_config_strict_ssl": "",
        "npm_config_tag": "latest",
        "npm_config_tag_version_prefix": "v",
        "npm_config_timing": "",
        "npm_config_tmp": "C:\\Users\\hefetz_s\\AppData\\Local\\Temp",
        "npm_config_umask": "0000",
        "npm_config_unicode": "",
        "npm_config_unsafe_perm": "true",
        "npm_config_update_notifier": "true",
        "npm_config_usage": "",
        "npm_config_user": "",
        "npm_config_userconfig": "C:\\Users\\hefetz_s\\.npmrc",
        "npm_config_user_agent": "npm/6.13.4 node/v12.14.0 win32 x64",
        "npm_config_version": "",
        "npm_config_versions": "",
        "npm_config_viewer": "browser",
        "npm_execpath": "C:\\Program Files\\nodejs\\node_modules\\npm\\bin\\npm-cli.js",
        "npm_lifecycle_event": "start",
        "npm_lifecycle_script": "cross-env NODE_ENV=development env-cmd .env.development node server",
        "npm_node_execpath": "C:\\Program Files\\nodejs\\node.exe",
        "npm_package_dependencies_autobind": "^1.0.3",
        "npm_package_dependencies_autobind_decorator": "^2.4.0",
        "npm_package_dependencies_babel_eslint": "^10.0.3",
        "npm_package_dependencies_babel_plugin_transform_decorators_legacy": "^1.3.5",
        "npm_package_dependencies_babel_polyfill": "6.26.0",
        "npm_package_dependencies_connected_react_router": "^6.6.1",
        "npm_package_dependencies_cross_env": "5.2.0",
        "npm_package_dependencies_env_cmd": "^8.0.2",
        "npm_package_dependencies_express": "4.16.3",
        "npm_package_dependencies_hoist_non_react_statics": "2.5.5",
        "npm_package_dependencies_idempotent_babel_polyfill": "^7.4.4",
        "npm_package_dependencies_immutable": "^4.0.0-rc.12",
        "npm_package_dependencies_ip": "^1.1.5",
        "npm_package_dependencies_lodash": "^4.17.10",
        "npm_package_dependencies_prop_types": "15.6.1",
        "npm_package_dependencies_query_string": "^6.2.0",
        "npm_package_dependencies_reactstrap": "^6.4.0",
        "npm_package_dependencies_react_helmet": "5.2.0",
        "npm_package_dependencies_react_inlinesvg": "^0.8.1",
        "npm_package_dependencies_react_module_container": "^1.0.1857",
        "npm_package_dependencies_react_redux": "^7.1.3",
        "npm_package_dependencies_react_router": "^5.2.0",
        "npm_package_dependencies_react_router_dom": "^5.1.2",
        "npm_package_dependencies_redux": "^4.0.5",
        "npm_package_dependencies_redux_immutable": "4.0.0",
        "npm_package_dependencies_redux_saga": "^0.16.1",
        "npm_package_dependencies_reselect": "3.0.1",
        "npm_package_dependencies_sanitize_css": "4.1.0",
        "npm_package_dependencies__maccabi_m_lib": "^4.0.4",
        "npm_package_dependencies__maccabi_m_ui": "^44.2.14",
        "npm_package_description": "TODO: Give a short introduction of your project. Let this section explain the objectives or the motivation behind this project.",
        "npm_package_devDependencies_autoprefixer": "^9.6.0",
        "npm_package_devDependencies_babel_jest": "^26.1.0",
        "npm_package_devDependencies_babel_loader": "^7.1.4",
        "npm_package_devDependencies_babel_plugin_transform_react_remove_prop_types": "^0.4.13",
        "npm_package_devDependencies_classnames": "^2.2.6",
        "npm_package_devDependencies_css_loader": "0.28.11",
        "npm_package_devDependencies_eslint": "^6.8.0",
        "npm_package_devDependencies_eslint_config_airbnb": "^18.0.1",
        "npm_package_devDependencies_eslint_config_airbnb_base": "^14.0.0",
        "npm_package_devDependencies_eslint_config_prettier": "^6.10.0",
        "npm_package_devDependencies_eslint_import_resolver_webpack": "^0.12.1",
        "npm_package_devDependencies_eslint_loader": "^3.0.3",
        "npm_package_devDependencies_eslint_plugin_import": "^2.20.0",
        "npm_package_devDependencies_eslint_plugin_jsx_a11y": "^6.2.3",
        "npm_package_devDependencies_eslint_plugin_prettier": "^3.1.2",
        "npm_package_devDependencies_eslint_plugin_react": "^7.18.3",
        "npm_package_devDependencies_eslint_plugin_redux_saga": "1.1.3",
        "npm_package_devDependencies_eventsource_polyfill": "^0.9.6",
        "npm_package_devDependencies_file_loader": "1.1.11",
        "npm_package_devDependencies_html_loader": "0.5.5",
        "npm_package_devDependencies_husky": "^4.2.3",
        "npm_package_devDependencies_jest": "^26.1.0",
        "npm_package_devDependencies_jest_cli": "^26.1.0",
        "npm_package_devDependencies_jest_dom": "^4.0.0",
        "npm_package_devDependencies_jest_mock_axios": "^4.2.1",
        "npm_package_devDependencies_lint_staged": "^10.0.7",
        "npm_package_devDependencies_mini_css_extract_plugin": "^0.4.4",
        "npm_package_devDependencies_node_sass": "^4.9.3",
        "npm_package_devDependencies_postcss_loader": "^3.0.0",
        "npm_package_devDependencies_prettier": "^1.19.1",
        "npm_package_devDependencies_pre_commit": "^1.2.2",
        "npm_package_devDependencies_rimraf": "2.6.2",
        "npm_package_devDependencies_shelljs": "^0.8.2",
        "npm_package_devDependencies_stylefmt": "^6.0.3",
        "npm_package_devDependencies_stylelint": "^13.2.0",
        "npm_package_devDependencies_stylelint_config_recommended": "^3.0.0",
        "npm_package_devDependencies_style_loader": "0.21.0",
        "npm_package_devDependencies_svg_url_loader": "^2.3.2",
        "npm_package_devDependencies_webpack": "4.12.0",
        "npm_package_devDependencies_webpack_cli": "3.0.8",
        "npm_package_devDependencies_webpack_dev_middleware": "3.1.3",
        "npm_package_devDependencies_webpack_hot_middleware": "2.22.2",
        "npm_package_devDependencies_webpack_pwa_manifest": "3.6.2",
        "npm_package_devDependencies__testing_library_jest_dom": "^5.11.1",
        "npm_package_devDependencies__testing_library_react": "^10.4.7",
        "npm_package_dllPlugin_exclude_0": "chalk",
        "npm_package_dllPlugin_exclude_1": "compression",
        "npm_package_dllPlugin_exclude_2": "cross-env",
        "npm_package_dllPlugin_exclude_3": "express",
        "npm_package_dllPlugin_exclude_4": "ip",
        "npm_package_dllPlugin_exclude_5": "minimist",
        "npm_package_dllPlugin_exclude_6": "sanitize.css",
        "npm_package_dllPlugin_exclude_7": "@maccabi/m-lib",
        "npm_package_dllPlugin_exclude_8": "@maccabi/m-ui",
        "npm_package_dllPlugin_filename": "directorship",
        "npm_package_dllPlugin_include_0": "core-js",
        "npm_package_dllPlugin_include_1": "lodash",
        "npm_package_dllPlugin_include_2": "eventsource-polyfill",
        "npm_package_dllPlugin_path": "node_modules/react-boilerplate-dlls",
        "npm_package_engines_node": ">=8",
        "npm_package_engines_npm": ">=5",
        "npm_package_gitHead": "7b2ecbe925d09b79f1236ed59c7d42da015c1cbc",
        "npm_package_husky_hooks_pre_commit": "npm run lint && lint:eslint:fix",
        "npm_package_lint_staged_app______scss_0": "stylefmt",
        "npm_package_lint_staged_app______scss_1": "stylelint --syntax scss",
        "npm_package_lint_staged_app______scss_2": "git add --force",
        "npm_package_lint_staged_app_______js__0": "npm run lint && lint:eslint:fix",
        "npm_package_lint_staged_app_______js__1": "prettify",
        "npm_package_lint_staged_app_______js__2": "git add --force",
        "npm_package_lint_staged___json_0": "prettier --write",
        "npm_package_lint_staged___json_1": "git add --force",
        "npm_package_name": "directorship",
        "npm_package_pre_commit": "lint:staged",
        "npm_package_readmeFilename": "README.md",
        "npm_package_resolutions_react_module_container_react": "16.12.0",
        "npm_package_resolutions_react_module_container_react_dom": "16.12.0",
        "npm_package_scripts_build_clean": "rimraf ./build",
        "npm_package_scripts_build_dev": "cross-env NODE_ENV=development env-cmd .env.development webpack --config internals/webpack/webpack.dev.babel.js -p --hide-modules --display-optimization-bailout",
        "npm_package_scripts_build_dll": "node ./internals/scripts/dependencies.js",
        "npm_package_scripts_build_production": "cross-env NODE_ENV=production env-cmd .env.production webpack --config internals/webpack/webpack.prod.babel.js -p --hide-modules --display-optimization-bailout",
        "npm_package_scripts_jest": "jest",
        "npm_package_scripts_jest_commit": "jest -o",
        "npm_package_scripts_jest_coverage": "jest --collectCoverage",
        "npm_package_scripts_lint": "npm run lint:js && npm run lint:scss",
        "npm_package_scripts_lint_eslint": "eslint --ignore-path .gitignore --ignore-pattern internals/scripts",
        "npm_package_scripts_lint_eslint_fix": "eslint . --ignore-path .gitignore --ignore-pattern internals/scripts --fix",
        "npm_package_scripts_lint_js": "npm run lint:eslint -- .",
        "npm_package_scripts_lint_scss": "stylelint app/**/*.scss --syntax scss",
        "npm_package_scripts_lint_staged": "lint-staged",
        "npm_package_scripts_npmcheckversion": "node ./internals/scripts/npmcheckversion.js",
        "npm_package_scripts_postinstall": "npm run build:dll",
        "npm_package_scripts_prebuild": "npm run build:clean",
        "npm_package_scripts_preinstall": "npm run npmcheckversion",
        "npm_package_scripts_prettify": "prettier --write app/**/*.js --ignore-path .prettierignore",
        "npm_package_scripts_start": "cross-env NODE_ENV=development env-cmd .env.development node server",
        "npm_package_scripts_start_prod": "cross-env NODE_ENV=production node server",
        "npm_package_scripts_start_production": "npm run build && cross-env NODE_ENV=production env-cmd .env.production node server",
        "npm_package_scripts_update_maccabi": "npm update @maccabi/m-lib @maccabi/m-ui && npm run build:dll",
        "npm_package_version": "1.0.0",
        "NPM_PREFIX_NPM_CLI_JS": "C:\\Users\\hefetz_s\\AppData\\Roaming\\npm\\node_modules\\npm\\bin\\npm-cli.js",
        "NUMBER_OF_PROCESSORS": "12",
        "OneDrive": "C:\\Users\\hefetz_s\\OneDrive",
        "ORIGINAL_XDG_CURRENT_DESKTOP": "undefined",
        "OS": "Windows_NT",
        "Path": "C:\\Program Files\\nodejs\\node_modules\\npm\\node_modules\\npm-lifecycle\\node-gyp-bin;C:\\GitProjects\\MaccabiOnline4_Git\\directorship\\node_modules\\.bin;C:\\ProgramData\\Oracle\\Java\\javapath;C:\\WINDOWS\\system32;C:\\WINDOWS;C:\\WINDOWS\\System32\\Wbem;C:\\WINDOWS\\System32\\WindowsPowerShell\\v1.0\\;C:\\Program Files (x86)\\Enterprise Vault\\EVClient\\x64\\;C:\\Program Files (x86)\\Integrad.3\\MIV\\;C:\\Program Files (x86)\\Integrad.3\\MIV;C:\\Program Files\\dotnet\\;C:\\Program Files\\nodejs\\;C:\\Program Files (x86)\\Microsoft SQL Server\\150\\DTS\\Binn\\;C:\\ProgramData\\WebEx\\WebEx\\Applications;C:\\Program Files\\Git\\cmd;C:\\Program Files\\Microsoft SQL Server\\130\\Tools\\Binn\\;C:\\Program Files\\Microsoft SQL Server\\Client SDK\\ODBC\\170\\Tools\\Binn\\;C:\\Program Files (x86)\\Sennheiser\\SoftphoneSDK\\;C:\\Program Files\\Microsoft\\Web Platform Installer\\;C:\\Program Files (x86)\\IBM\\Client Access\\Emulator;C:\\Program Files (x86)\\IBM\\Client Access\\Shared;C:\\Program Files (x86)\\IBM\\Client Access\\;C:\\Users\\hefetz_s\\AppData\\Local\\Microsoft\\WindowsApps;;C:\\Users\\hefetz_s\\AppData\\Local\\Programs\\Microsoft VS Code\\bin;C:\\Users\\hefetz_s\\.dotnet\\tools",
        "PATHEXT": ".COM;.EXE;.BAT;.CMD;.VBS;.VBE;.JSE;.WSF;.WSH;.MSC;.CPL",
        "PORT": "3002",
        "PROCESSOR_ARCHITECTURE": "AMD64",
        "PROCESSOR_IDENTIFIER": "Intel64 Family 6 Model 158 Stepping 10, GenuineIntel",
        "PROCESSOR_LEVEL": "6",
        "PROCESSOR_REVISION": "9e0a",
        "ProgramData": "C:\\ProgramData",
        "ProgramFiles": "C:\\Program Files",
        "ProgramFiles(x86)": "C:\\Program Files (x86)",
        "ProgramW6432": "C:\\Program Files",
        "PROMPT": "$P$G",
        "PSModulePath": "\\\\fs1\\CenterUsers\\Hefetz_s\\WindowsPowerShell\\Modules;C:\\Program Files\\WindowsPowerShell\\Modules;C:\\WINDOWS\\system32\\WindowsPowerShell\\v1.0\\Modules;C:\\Program Files\\Intel\\Wired Networking\\",
        "PUBLIC": "C:\\Users\\Public",
        "SAPLOGON_INI_FILE": "C:\\Sap\\Saplogon\\saplogon.ini",
        "SESSIONNAME": "Console",
        "SITE_DOMAIN_VERSION2": "http://onlinemaster{0},DanaInfo=.aoonlrjFtilmlnvG9Pt6S26,SSO=U+",
        "SITE_DOMAIN_VERSION2_KOSHER": "http://onlinemasterKosher{0},DanaInfo=.aoonlrjFtilmlnvG9Pt6S26,SSO=U+",
        "SITE_DOMAIN_VERSION2_SUPPORT": "http://tm-online{0},DanaInfo=.aoonlrjFtilmlnvG9Pt6S26,SSO=U+",
        "SITE_DOMAIN_VERSION3": "http://localhost{0},DanaInfo=.aoonlrjxGujmnmowH-Qu7T37+",
        "SITE_DOMAIN_VERSION3_KOSHER": "http://localhostKosher{0},DanaInfo=.aoonlrjxGujmnmowH-Qu7T37+",
        "SITE_DOMAIN_VERSION3_SUPPORT": "https://tm-online{0},DanaInfo=.aoonlrjxGujmnmowH-Qu7T37+",
        "SITE_DOMAIN_VERSION4": "{0}",
        "SITE_DOMAIN_VERSION4_KOSHER": "{0}",
        "SITE_DOMAIN_VERSION4_SUPPORT": "https://tm-online{0},DanaInfo=.aoonlrjxzHvknonpxI.Rv8U48",
        "SystemDrive": "C:",
        "SystemRoot": "C:\\WINDOWS",
        "TEMP": "C:\\Users\\hefetz_s\\AppData\\Local\\Temp",
        "TERM_PROGRAM": "vscode",
        "TERM_PROGRAM_VERSION": "1.47.2",
        "TMP": "C:\\Users\\hefetz_s\\AppData\\Local\\Temp",
        "UATDATA": "C:\\WINDOWS\\CCM\\UATData\\D9F8C395-CAB8-491d-B8AC-179A1FE1BE77",
        "USERDNSDOMAIN": "MAC.ORG.IL",
        "USERDOMAIN": "MAC-AD",
        "USERDOMAIN_ROAMINGPROFILE": "MAC-AD",
        "USERNAME": "Hefetz_s",
        "USERPROFILE": "C:\\Users\\hefetz_s",
        "VSCODE_GIT_ASKPASS_MAIN": "c:\\Users\\hefetz_s\\AppData\\Local\\Programs\\Microsoft VS Code\\resources\\app\\extensions\\git\\dist\\askpass-main.js",
        "VSCODE_GIT_ASKPASS_NODE": "C:\\Users\\hefetz_s\\AppData\\Local\\Programs\\Microsoft VS Code\\Code.exe",
        "VSCODE_GIT_IPC_HANDLE": "\\\\.\\pipe\\vscode-git-4fb7e7afb1-sock",
        "WEB_API_URL_ALL_LETTERS_FOR_MEMBER": "v1/members/{0}/{1}/all/letters_for_member",
        "WEB_API_URL_CURRENT_CUSTOMER_DATA": "v2/members/{0}/{1}?checksum={2}&filters={3}",
        "WEB_API_URL_CUSTOMER_DATA": "members/token/full",
        "WEB_API_URL_DIRECTORSHIP": "http://localhost:8787/DirectorshipAPI/webapi/mac/",
        "WEB_API_URL_EDITDETAILS_UPDATE_INFO": "v1/members/{0}/{1}",
        "WEB_API_URL_EDITDETAILS_UPDATE_REMARKS": "v1/members/{0}/{1}/remarks",
        "WEB_API_URL_EDITINFORMATION_GET_SENIORITY": "v1/members/{0}/{1}/insurance/seniority",
        "WEB_API_URL_EDITINFORMATION_VALIDATE_UPDATE_PASSWORD": "v1/members/{0}/{1}/password",
        "WEB_API_URL_GET_BIOBANK_DOCUMENT": "members/{0}/{1}/biobank/document/{2}?&hash={3}&timestamp={4}",
        "WEB_API_URL_GET_BIOBANK_MEMBER": "members/{0}/{1}/biobank",
        "WEB_API_URL_GET_BIOBANK_STATS": "biobank/stats",
        "WEB_API_URL_GET_CITIES": "v1/content/city?filter={0}&limit={1}&offset={2}",
        "WEB_API_URL_GET_CITY_STREETS": "v1/content/city/{0}/street?filter={1}&limit={2}&offset={3}",
        "WEB_API_URL_GET_MEMBERS_INSURANCES": "members/{0}/{1}/entitlement",
        "WEB_API_URL_GET_PAYER_BILLING_SUBJECTS": "v1/members/{0}/{1}/payer_billing_subjects",
        "WEB_API_URL_GET_PAYER_DEBIT_AUTHORIZATION": "v1/payers/{0}/{1}/debit_authorization",
        "WEB_API_URL_PREPARE_TRANSACTION": "v1/payer/{0}/{1}/transactions/prepare",
        "WEB_API_URL_GET_TRANSACTION_DETAILS": "v1/payer/{0}/{1}/transaction/details?token={2}&terminal_number={3}&mid={4}&number_of_retries={5}&time_interval={6}",
        "WEB_API_URL_POST_DEBIT_AUTHORIZATION_CREDITCARD": "v1/payer/{0}/{1}/finance/creditcard/authorization_and_archive",
        "WEB_API_URL_GET_PAYER_TOTAL_DEBTS": "v1/payers/{0}/{1}/total_debts",
        "WEB_API_URL_GET_PDF_FOR_MEMBER": "v1/members/{0}/{1}/letters_for_member/{2}/{3}/pdf?timestamp={4}&hash={5}",
        "WEB_API_URL_GET_PDF_FOR_MEMBER_BY_LINK": "v1/members/{0}/{1}/pdf?file_path={2}&timestamp={3}&hash={4}",
        "WEB_API_URL_GET_PDF_WITH_HTTP_FOR_MEMBER_BY_LINK": "v1/members/{0}/{1}/pdf/http?file_path={2}&timestamp={3}&hash={4}",
        "WEB_API_URL_GET_TOKEN": "members/{0}/{1}/travel_abroad_insurance/token",
        "WEB_API_URL_INSERT_CENTRALIZED_LOG": "v1/members/{0}/{1}/log/centralized",
        "WEB_API_URL_LETTERS_FOR_MEMBER": "v1/members/{0}/{1}/letters_for_member?from_date={2}&to_date={3}",
        "WEB_API_URL_MAIN": "http://localhost:8787/MainAppAPI/webapi/mac/",
        "WEB_API_URL_NOCARDVISIT_ALLOW": "v1/members/{0}/{1}/allow_no_card_visit?reason_code={2}",
        "WEB_API_URL_ORDERMAGNETICCARD": "v1/members/{0}/{1}/magnetic_card",
        "WEB_API_URL_ORDERMAGNETICCARD_GETCARDCOST": "v1/members/{0}/{1}/magnetic_card/cost",
        "WEB_API_URL_POST_MEMBERS_INSURANCES": "members/{0}/{1}/insurances/add",
        "WEB_API_URL_SITE_SETTINGS": "site/settings?current_date={0}",
        "WEB_API_URL_TOKEN_SERVER": "http://localhost:8787/MainAppAPI/webapi/mac/v2/",
        "WEB_SENIORITY_PDF_URL": "v1/members/{0}/{1}/insurance/seniority/pdf?membership_status={2}&hash={3}&timestamp={4}&isAttachment={5}",
        "windir": "C:\\WINDOWS",
        "_prog": "node"
    },
    "sharedObjects": [
        "C:\\Program Files\\nodejs\\node.exe",
        "C:\\WINDOWS\\SYSTEM32\\ntdll.dll",
        "C:\\WINDOWS\\System32\\KERNEL32.DLL",
        "C:\\WINDOWS\\System32\\KERNELBASE.dll",
        "C:\\WINDOWS\\SYSTEM32\\apphelp.dll",
        "C:\\WINDOWS\\System32\\WS2_32.dll",
        "C:\\WINDOWS\\System32\\RPCRT4.dll",
        "C:\\WINDOWS\\System32\\ADVAPI32.dll",
        "C:\\WINDOWS\\SYSTEM32\\dbghelp.dll",
        "C:\\WINDOWS\\System32\\msvcrt.dll",
        "C:\\WINDOWS\\System32\\ucrtbase.dll",
        "C:\\WINDOWS\\System32\\sechost.dll",
        "C:\\WINDOWS\\System32\\USER32.dll",
        "C:\\WINDOWS\\System32\\win32u.dll",
        "C:\\WINDOWS\\System32\\GDI32.dll",
        "C:\\WINDOWS\\System32\\gdi32full.dll",
        "C:\\WINDOWS\\System32\\msvcp_win.dll",
        "C:\\WINDOWS\\System32\\PSAPI.DLL",
        "C:\\WINDOWS\\System32\\CRYPT32.dll",
        "C:\\WINDOWS\\System32\\MSASN1.dll",
        "C:\\WINDOWS\\SYSTEM32\\IPHLPAPI.DLL",
        "C:\\WINDOWS\\SYSTEM32\\USERENV.dll",
        "C:\\WINDOWS\\System32\\profapi.dll",
        "C:\\WINDOWS\\SYSTEM32\\bcrypt.dll",
        "C:\\WINDOWS\\SYSTEM32\\WINMM.dll",
        "C:\\WINDOWS\\SYSTEM32\\winmmbase.dll",
        "C:\\WINDOWS\\System32\\cfgmgr32.dll",
        "C:\\WINDOWS\\System32\\IMM32.DLL",
        "C:\\WINDOWS\\System32\\combase.dll",
        "C:\\WINDOWS\\System32\\bcryptPrimitives.dll",
        "C:\\WINDOWS\\System32\\QIPCAP64.dll",
        "C:\\WINDOWS\\System32\\SHELL32.dll",
        "C:\\WINDOWS\\System32\\shcore.dll",
        "C:\\WINDOWS\\System32\\windows.storage.dll",
        "C:\\WINDOWS\\System32\\shlwapi.dll",
        "C:\\WINDOWS\\System32\\kernel.appcore.dll",
        "C:\\WINDOWS\\System32\\powrprof.dll",
        "C:\\WINDOWS\\SYSTEM32\\DNSAPI.dll",
        "C:\\WINDOWS\\System32\\NSI.dll",
        "C:\\WINDOWS\\SYSTEM32\\CRYPTBASE.DLL",
        "C:\\WINDOWS\\system32\\uxtheme.dll",
        "C:\\WINDOWS\\system32\\mswsock.dll",
        "C:\\WINDOWS\\SYSTEM32\\dhcpcsvc6.DLL",
        "C:\\WINDOWS\\SYSTEM32\\dhcpcsvc.DLL",
        "\\\\?\\C:\\GitProjects\\MaccabiOnline4_Git\\directorship\\node_modules\\node-sass\\vendor\\win32-x64-72\\binding.node",
        "C:\\WINDOWS\\system32\\napinsp.dll",
        "C:\\WINDOWS\\system32\\pnrpnsp.dll",
        "C:\\WINDOWS\\system32\\NLAapi.dll",
        "C:\\WINDOWS\\System32\\winrnr.dll",
        "C:\\WINDOWS\\System32\\wshbth.dll"
    ]
}
