{
    "lettersForMemberTitle": "ההודעות שלך",
    "periodFilterByTxt": "לפי תקופה:",
    "filterPeriod": [
        {
            "month": 3,
            "txt": "3 חודשים אחרונים"
        },
        {
            "month": 6,
            "txt": "6 חודשים אחרונים"
        },
        {
            "month": 12,
            "txt": "שנה אחרונה"
        },
        {
            "month": 60,
            "txt": "5 שנים אחרונות"
        }
    ],
    "messageFilterByTxt": "סוג ההודעה:",
    "messageFilter": [
        {
            "txt": "כל ההודעות",
            "id": 0
        },
        {
            "txt": "דיוור ממכבי",
            "id": 1
        },
        {
            "txt": "הזמנת תיק רפואי",
            "id": 2
        }
    ],

    "loadMore": "טען עוד",
    "toView": "לצפייה",
    "importantToKnow": "חשוב לדעת",
    "termsOfUse": "לתנאי השימוש",
    "clearFilter": "נקה סינון",
    "msgForParentOnly": "ההודעות מוצגות עבור ההורה בלבד",
    "noMessages": "אין לך הודעות כרגע",
    "for": "- עבור"
}
